CREATE USER scott IDENTIFIED BY tiger;
GRANT DBA TO scott;
grant alter session to scott;
grant create session to scott;
grant flashback any table to scott;
grant select any dictionary to scott;
grant select any table to scott;
grant select any transaction to scott;
grant unlimited tablespace to scott;
ALTER DATABASE ADD SUPPLEMENTAL LOG DATA;

--------------------------------------------------------
--  File created - Tuesday-August-06-2019   
--------------------------------------------------------
--------------------------------------------------------
--  DDL for Table ADDRESS
--------------------------------------------------------

  CREATE TABLE "SCOTT"."ADDRESS" 
   (	"ID" NUMBER, 
	"STREET_NUMBER" NUMBER, 
	"STREET" VARCHAR2(60 BYTE), 
	"CITY" VARCHAR2(60 BYTE)
   ) SEGMENT CREATION IMMEDIATE 
  PCTFREE 10 PCTUSED 40 INITRANS 1 MAXTRANS 255 NOCOMPRESS LOGGING
  STORAGE(INITIAL 65536 NEXT 1048576 MINEXTENTS 1 MAXEXTENTS 2147483645
  PCTINCREASE 0 FREELISTS 1 FREELIST GROUPS 1 BUFFER_POOL DEFAULT FLASH_CACHE DEFAULT CELL_FLASH_CACHE DEFAULT)
  TABLESPACE "USERS" ;
--------------------------------------------------------
--  DDL for Table ADDRESS_LINK
--------------------------------------------------------

  CREATE TABLE "SCOTT"."ADDRESS_LINK" 
   (	"ID" NUMBER, 
	"ADDRESS_ID" NUMBER, 
	"CUSTOMER_ID" NUMBER
   ) SEGMENT CREATION IMMEDIATE 
  PCTFREE 10 PCTUSED 40 INITRANS 1 MAXTRANS 255 NOCOMPRESS LOGGING
  STORAGE(INITIAL 65536 NEXT 1048576 MINEXTENTS 1 MAXEXTENTS 2147483645
  PCTINCREASE 0 FREELISTS 1 FREELIST GROUPS 1 BUFFER_POOL DEFAULT FLASH_CACHE DEFAULT CELL_FLASH_CACHE DEFAULT)
  TABLESPACE "USERS" ;
--------------------------------------------------------
--  DDL for Table CUSTOMER
--------------------------------------------------------

  CREATE TABLE "SCOTT"."CUSTOMER" 
   (	"ID" NUMBER, 
	"NAME" VARCHAR2(30 BYTE), 
	"LAST_NAME" VARCHAR2(30 BYTE)
   ) SEGMENT CREATION IMMEDIATE 
  PCTFREE 10 PCTUSED 40 INITRANS 1 MAXTRANS 255 NOCOMPRESS LOGGING
  STORAGE(INITIAL 65536 NEXT 1048576 MINEXTENTS 1 MAXEXTENTS 2147483645
  PCTINCREASE 0 FREELISTS 1 FREELIST GROUPS 1 BUFFER_POOL DEFAULT FLASH_CACHE DEFAULT CELL_FLASH_CACHE DEFAULT)
  TABLESPACE "USERS" ;
--------------------------------------------------------
--  DDL for Table CUSTOMER_ORDER
--------------------------------------------------------

  CREATE TABLE "SCOTT"."CUSTOMER_ORDER" 
   (	"ID" NUMBER, 
	"ORDER_DATE" TIMESTAMP (6), 
	"CUSTOMER_ID" NUMBER, 
	"TOTAL" FLOAT(126) DEFAULT 0
   ) SEGMENT CREATION IMMEDIATE 
  PCTFREE 10 PCTUSED 40 INITRANS 1 MAXTRANS 255 NOCOMPRESS LOGGING
  STORAGE(INITIAL 65536 NEXT 1048576 MINEXTENTS 1 MAXEXTENTS 2147483645
  PCTINCREASE 0 FREELISTS 1 FREELIST GROUPS 1 BUFFER_POOL DEFAULT FLASH_CACHE DEFAULT CELL_FLASH_CACHE DEFAULT)
  TABLESPACE "USERS" ;
--------------------------------------------------------
--  DDL for Table CUSTOMER_ORDER_ITEM
--------------------------------------------------------

  CREATE TABLE "SCOTT"."CUSTOMER_ORDER_ITEM" 
   (	"ID" NUMBER, 
	"CUSTOMER_ORDER_ID" NUMBER, 
	"DESCRIPTION" VARCHAR2(30 BYTE), 
	"QUANTITY" NUMBER DEFAULT 0, 
	"PRICE" FLOAT(126) DEFAULT 0
   ) SEGMENT CREATION IMMEDIATE 
  PCTFREE 10 PCTUSED 40 INITRANS 1 MAXTRANS 255 NOCOMPRESS LOGGING
  STORAGE(INITIAL 65536 NEXT 1048576 MINEXTENTS 1 MAXEXTENTS 2147483645
  PCTINCREASE 0 FREELISTS 1 FREELIST GROUPS 1 BUFFER_POOL DEFAULT FLASH_CACHE DEFAULT CELL_FLASH_CACHE DEFAULT)
  TABLESPACE "USERS" ;
REM INSERTING into SCOTT.ADDRESS
SET DEFINE OFF;
Insert into SCOTT.ADDRESS (ID,STREET_NUMBER,STREET,CITY) values (1,37,'King St E','Toronto');
Insert into SCOTT.ADDRESS (ID,STREET_NUMBER,STREET,CITY) values (2,4243,'de Lanaudiere','Montreal');
Insert into SCOTT.ADDRESS (ID,STREET_NUMBER,STREET,CITY) values (3,50,' E Valhalla Dr','Markham');
Insert into SCOTT.ADDRESS (ID,STREET_NUMBER,STREET,CITY) values (4,1150,'Queen St W','Toronto');
Insert into SCOTT.ADDRESS (ID,STREET_NUMBER,STREET,CITY) values (5,66,'Wellington St W','Toronto');
REM INSERTING into SCOTT.ADDRESS_LINK
SET DEFINE OFF;
Insert into SCOTT.ADDRESS_LINK (ID,ADDRESS_ID,CUSTOMER_ID) values (1,1,1);
Insert into SCOTT.ADDRESS_LINK (ID,ADDRESS_ID,CUSTOMER_ID) values (2,2,2);
Insert into SCOTT.ADDRESS_LINK (ID,ADDRESS_ID,CUSTOMER_ID) values (3,3,3);
Insert into SCOTT.ADDRESS_LINK (ID,ADDRESS_ID,CUSTOMER_ID) values (4,4,4);
Insert into SCOTT.ADDRESS_LINK (ID,ADDRESS_ID,CUSTOMER_ID) values (5,5,5);
REM INSERTING into SCOTT.CUSTOMER
SET DEFINE OFF;
Insert into SCOTT.CUSTOMER (ID,NAME,LAST_NAME) values (1,'Jim','XU');
Insert into SCOTT.CUSTOMER (ID,NAME,LAST_NAME) values (2,'Jean-Philippe','Laroche');
Insert into SCOTT.CUSTOMER (ID,NAME,LAST_NAME) values (3,'Karl','Pena');
Insert into SCOTT.CUSTOMER (ID,NAME,LAST_NAME) values (4,'Jenny','Yeung');
Insert into SCOTT.CUSTOMER (ID,NAME,LAST_NAME) values (5,'Kesava','Kannan');
REM INSERTING into SCOTT.CUSTOMER_ORDER
SET DEFINE OFF;
Insert into SCOTT.CUSTOMER_ORDER (ID,ORDER_DATE,CUSTOMER_ID,TOTAL) values (1,(TO_DATE('2020/01/31 12:02:44', 'yyyy/mm/dd hh24:mi:ss')),1,0);
REM INSERTING into SCOTT.CUSTOMER_ORDER_ITEM
SET DEFINE OFF;
Insert into SCOTT.CUSTOMER_ORDER_ITEM (ID,CUSTOMER_ORDER_ID,DESCRIPTION,QUANTITY,PRICE) values (1,1,'my item #1',1,0.99);
Insert into SCOTT.CUSTOMER_ORDER_ITEM (ID,CUSTOMER_ORDER_ID,DESCRIPTION,QUANTITY,PRICE) values (3,1,'my item #3',1,2.99);
Insert into SCOTT.CUSTOMER_ORDER_ITEM (ID,CUSTOMER_ORDER_ID,DESCRIPTION,QUANTITY,PRICE) values (4,1,'my item #4',1,3.99);
Insert into SCOTT.CUSTOMER_ORDER_ITEM (ID,CUSTOMER_ORDER_ID,DESCRIPTION,QUANTITY,PRICE) values (5,1,'my item #5',1,4.99);
Insert into SCOTT.CUSTOMER_ORDER_ITEM (ID,CUSTOMER_ORDER_ID,DESCRIPTION,QUANTITY,PRICE) values (6,1,'my item #6',1,0.99);
Insert into SCOTT.CUSTOMER_ORDER_ITEM (ID,CUSTOMER_ORDER_ID,DESCRIPTION,QUANTITY,PRICE) values (7,1,'my item #7',1,1.99);
Insert into SCOTT.CUSTOMER_ORDER_ITEM (ID,CUSTOMER_ORDER_ID,DESCRIPTION,QUANTITY,PRICE) values (8,1,'my item #8',1,2.99);
Insert into SCOTT.CUSTOMER_ORDER_ITEM (ID,CUSTOMER_ORDER_ID,DESCRIPTION,QUANTITY,PRICE) values (9,1,'my item #9',1,3.99);
Insert into SCOTT.CUSTOMER_ORDER_ITEM (ID,CUSTOMER_ORDER_ID,DESCRIPTION,QUANTITY,PRICE) values (10,1,'my item #10',1,4.99);
Insert into SCOTT.CUSTOMER_ORDER_ITEM (ID,CUSTOMER_ORDER_ID,DESCRIPTION,QUANTITY,PRICE) values (2,1,'my item #2',1,1.99);
--------------------------------------------------------
--  DDL for Index ADDRESS_PK
--------------------------------------------------------

  CREATE UNIQUE INDEX "SCOTT"."ADDRESS_PK" ON "SCOTT"."ADDRESS" ("ID") 
  PCTFREE 10 INITRANS 2 MAXTRANS 255 COMPUTE STATISTICS 
  STORAGE(INITIAL 65536 NEXT 1048576 MINEXTENTS 1 MAXEXTENTS 2147483645
  PCTINCREASE 0 FREELISTS 1 FREELIST GROUPS 1 BUFFER_POOL DEFAULT FLASH_CACHE DEFAULT CELL_FLASH_CACHE DEFAULT)
  TABLESPACE "USERS" ;
--------------------------------------------------------
--  DDL for Index ADDRESS_LINK_PK
--------------------------------------------------------

  CREATE UNIQUE INDEX "SCOTT"."ADDRESS_LINK_PK" ON "SCOTT"."ADDRESS_LINK" ("ID") 
  PCTFREE 10 INITRANS 2 MAXTRANS 255 COMPUTE STATISTICS 
  STORAGE(INITIAL 65536 NEXT 1048576 MINEXTENTS 1 MAXEXTENTS 2147483645
  PCTINCREASE 0 FREELISTS 1 FREELIST GROUPS 1 BUFFER_POOL DEFAULT FLASH_CACHE DEFAULT CELL_FLASH_CACHE DEFAULT)
  TABLESPACE "USERS" ;
--------------------------------------------------------
--  DDL for Index CUSTOMER_PK
--------------------------------------------------------

  CREATE UNIQUE INDEX "SCOTT"."CUSTOMER_PK" ON "SCOTT"."CUSTOMER" ("ID") 
  PCTFREE 10 INITRANS 2 MAXTRANS 255 COMPUTE STATISTICS 
  STORAGE(INITIAL 65536 NEXT 1048576 MINEXTENTS 1 MAXEXTENTS 2147483645
  PCTINCREASE 0 FREELISTS 1 FREELIST GROUPS 1 BUFFER_POOL DEFAULT FLASH_CACHE DEFAULT CELL_FLASH_CACHE DEFAULT)
  TABLESPACE "USERS" ;
--------------------------------------------------------
--  DDL for Index TABLE1_PK
--------------------------------------------------------

  CREATE UNIQUE INDEX "SCOTT"."TABLE1_PK" ON "SCOTT"."CUSTOMER_ORDER" ("ID") 
  PCTFREE 10 INITRANS 2 MAXTRANS 255 
  STORAGE(INITIAL 65536 NEXT 1048576 MINEXTENTS 1 MAXEXTENTS 2147483645
  PCTINCREASE 0 FREELISTS 1 FREELIST GROUPS 1 BUFFER_POOL DEFAULT FLASH_CACHE DEFAULT CELL_FLASH_CACHE DEFAULT)
  TABLESPACE "USERS" ;
--------------------------------------------------------
--  DDL for Index CUSTOMER_ORDER_DETAIL_PK
--------------------------------------------------------

  CREATE UNIQUE INDEX "SCOTT"."CUSTOMER_ORDER_DETAIL_PK" ON "SCOTT"."CUSTOMER_ORDER_ITEM" ("ID", "CUSTOMER_ORDER_ID") 
  PCTFREE 10 INITRANS 2 MAXTRANS 255 COMPUTE STATISTICS 
  STORAGE(INITIAL 65536 NEXT 1048576 MINEXTENTS 1 MAXEXTENTS 2147483645
  PCTINCREASE 0 FREELISTS 1 FREELIST GROUPS 1 BUFFER_POOL DEFAULT FLASH_CACHE DEFAULT CELL_FLASH_CACHE DEFAULT)
  TABLESPACE "USERS" ;
--------------------------------------------------------
--  Constraints for Table ADDRESS
--------------------------------------------------------

  ALTER TABLE "SCOTT"."ADDRESS" ADD CONSTRAINT "ADDRESS_PK" PRIMARY KEY ("ID")
  USING INDEX PCTFREE 10 INITRANS 2 MAXTRANS 255 COMPUTE STATISTICS 
  STORAGE(INITIAL 65536 NEXT 1048576 MINEXTENTS 1 MAXEXTENTS 2147483645
  PCTINCREASE 0 FREELISTS 1 FREELIST GROUPS 1 BUFFER_POOL DEFAULT FLASH_CACHE DEFAULT CELL_FLASH_CACHE DEFAULT)
  TABLESPACE "USERS"  ENABLE;
 
  ALTER TABLE "SCOTT"."ADDRESS" ADD SUPPLEMENTAL LOG GROUP "GGS_76624" ("ID") ALWAYS;
 
  ALTER TABLE "SCOTT"."ADDRESS" MODIFY ("ID" NOT NULL ENABLE);
 
  ALTER TABLE "SCOTT"."ADDRESS" ADD SUPPLEMENTAL LOG DATA (PRIMARY KEY) COLUMNS;
 
  ALTER TABLE "SCOTT"."ADDRESS" ADD SUPPLEMENTAL LOG DATA (UNIQUE INDEX) COLUMNS;
 
  ALTER TABLE "SCOTT"."ADDRESS" ADD SUPPLEMENTAL LOG DATA (FOREIGN KEY) COLUMNS;
--------------------------------------------------------
--  Constraints for Table ADDRESS_LINK
--------------------------------------------------------

  ALTER TABLE "SCOTT"."ADDRESS_LINK" ADD CONSTRAINT "ADDRESS_LINK_PK" PRIMARY KEY ("ID")
  USING INDEX PCTFREE 10 INITRANS 2 MAXTRANS 255 COMPUTE STATISTICS 
  STORAGE(INITIAL 65536 NEXT 1048576 MINEXTENTS 1 MAXEXTENTS 2147483645
  PCTINCREASE 0 FREELISTS 1 FREELIST GROUPS 1 BUFFER_POOL DEFAULT FLASH_CACHE DEFAULT CELL_FLASH_CACHE DEFAULT)
  TABLESPACE "USERS"  ENABLE;
 
  ALTER TABLE "SCOTT"."ADDRESS_LINK" ADD SUPPLEMENTAL LOG GROUP "GGS_76628" ("ID") ALWAYS;
 
  ALTER TABLE "SCOTT"."ADDRESS_LINK" MODIFY ("ID" NOT NULL ENABLE);
 
  ALTER TABLE "SCOTT"."ADDRESS_LINK" MODIFY ("ADDRESS_ID" NOT NULL ENABLE);
 
  ALTER TABLE "SCOTT"."ADDRESS_LINK" MODIFY ("CUSTOMER_ID" NOT NULL ENABLE);
 
  ALTER TABLE "SCOTT"."ADDRESS_LINK" ADD SUPPLEMENTAL LOG DATA (PRIMARY KEY) COLUMNS;
 
  ALTER TABLE "SCOTT"."ADDRESS_LINK" ADD SUPPLEMENTAL LOG DATA (UNIQUE INDEX) COLUMNS;
 
  ALTER TABLE "SCOTT"."ADDRESS_LINK" ADD SUPPLEMENTAL LOG DATA (FOREIGN KEY) COLUMNS;
--------------------------------------------------------
--  Constraints for Table CUSTOMER
--------------------------------------------------------

  ALTER TABLE "SCOTT"."CUSTOMER" ADD CONSTRAINT "CUSTOMER_PK" PRIMARY KEY ("ID")
  USING INDEX PCTFREE 10 INITRANS 2 MAXTRANS 255 COMPUTE STATISTICS 
  STORAGE(INITIAL 65536 NEXT 1048576 MINEXTENTS 1 MAXEXTENTS 2147483645
  PCTINCREASE 0 FREELISTS 1 FREELIST GROUPS 1 BUFFER_POOL DEFAULT FLASH_CACHE DEFAULT CELL_FLASH_CACHE DEFAULT)
  TABLESPACE "USERS"  ENABLE;
 
  ALTER TABLE "SCOTT"."CUSTOMER" ADD SUPPLEMENTAL LOG GROUP "GGS_76626" ("ID") ALWAYS;
 
  ALTER TABLE "SCOTT"."CUSTOMER" MODIFY ("ID" NOT NULL ENABLE);
 
  ALTER TABLE "SCOTT"."CUSTOMER" ADD SUPPLEMENTAL LOG DATA (PRIMARY KEY) COLUMNS;
 
  ALTER TABLE "SCOTT"."CUSTOMER" ADD SUPPLEMENTAL LOG DATA (UNIQUE INDEX) COLUMNS;
 
  ALTER TABLE "SCOTT"."CUSTOMER" ADD SUPPLEMENTAL LOG DATA (FOREIGN KEY) COLUMNS;
--------------------------------------------------------
--  Constraints for Table CUSTOMER_ORDER
--------------------------------------------------------

  ALTER TABLE "SCOTT"."CUSTOMER_ORDER" ADD SUPPLEMENTAL LOG GROUP "GGS_76716" ("ID") ALWAYS;
 
  ALTER TABLE "SCOTT"."CUSTOMER_ORDER" MODIFY ("ID" NOT NULL ENABLE);
 
  ALTER TABLE "SCOTT"."CUSTOMER_ORDER" MODIFY ("CUSTOMER_ID" NOT NULL ENABLE);
 
  ALTER TABLE "SCOTT"."CUSTOMER_ORDER" ADD SUPPLEMENTAL LOG DATA (PRIMARY KEY) COLUMNS;
 
  ALTER TABLE "SCOTT"."CUSTOMER_ORDER" ADD SUPPLEMENTAL LOG DATA (UNIQUE INDEX) COLUMNS;
 
  ALTER TABLE "SCOTT"."CUSTOMER_ORDER" ADD SUPPLEMENTAL LOG DATA (FOREIGN KEY) COLUMNS;
 
  ALTER TABLE "SCOTT"."CUSTOMER_ORDER" ADD CONSTRAINT "TABLE1_PK" PRIMARY KEY ("ID")
  USING INDEX PCTFREE 10 INITRANS 2 MAXTRANS 255 
  STORAGE(INITIAL 65536 NEXT 1048576 MINEXTENTS 1 MAXEXTENTS 2147483645
  PCTINCREASE 0 FREELISTS 1 FREELIST GROUPS 1 BUFFER_POOL DEFAULT FLASH_CACHE DEFAULT CELL_FLASH_CACHE DEFAULT)
  TABLESPACE "USERS"  ENABLE;
--------------------------------------------------------
--  Constraints for Table CUSTOMER_ORDER_ITEM
--------------------------------------------------------

  ALTER TABLE "SCOTT"."CUSTOMER_ORDER_ITEM" ADD CONSTRAINT "CUSTOMER_ORDER_DETAIL_PK" PRIMARY KEY ("ID", "CUSTOMER_ORDER_ID")
  USING INDEX PCTFREE 10 INITRANS 2 MAXTRANS 255 COMPUTE STATISTICS 
  STORAGE(INITIAL 65536 NEXT 1048576 MINEXTENTS 1 MAXEXTENTS 2147483645
  PCTINCREASE 0 FREELISTS 1 FREELIST GROUPS 1 BUFFER_POOL DEFAULT FLASH_CACHE DEFAULT CELL_FLASH_CACHE DEFAULT)
  TABLESPACE "USERS"  ENABLE;
 
  ALTER TABLE "SCOTT"."CUSTOMER_ORDER_ITEM" ADD SUPPLEMENTAL LOG GROUP "GGS_76718" ("ID") ALWAYS;
 
  ALTER TABLE "SCOTT"."CUSTOMER_ORDER_ITEM" MODIFY ("ID" NOT NULL ENABLE);
 
  ALTER TABLE "SCOTT"."CUSTOMER_ORDER_ITEM" MODIFY ("CUSTOMER_ORDER_ID" NOT NULL ENABLE);
 
  ALTER TABLE "SCOTT"."CUSTOMER_ORDER_ITEM" ADD SUPPLEMENTAL LOG DATA (PRIMARY KEY) COLUMNS;
 
  ALTER TABLE "SCOTT"."CUSTOMER_ORDER_ITEM" ADD SUPPLEMENTAL LOG DATA (UNIQUE INDEX) COLUMNS;
 
  ALTER TABLE "SCOTT"."CUSTOMER_ORDER_ITEM" ADD SUPPLEMENTAL LOG DATA (FOREIGN KEY) COLUMNS;

commit;
